{
  "createBodyData": {
    "firstname": "Api",
    "lastname": "Tester",
    "totalprice": 450,
    "depositpaid": true,
    "bookingdates": {
      "checkin": "2021-01-01",
      "checkout": "2021-01-02"
    },
    "additionalneeds": "Lunch"
  },
  "updateBodyData": {
    "firstname": "Jack",
    "lastname": "sparrow",
    "totalprice": 500,
    "depositpaid": true,
    "bookingdates": {
      "checkin": "2022-01-01",
      "checkout": "2022-01-02"
    },
    "additionalneeds": "Breakfast"
  },
  "partialUpdateBodyData": {
  "firstname": "Api",
  "lastname": "Tester"
}
}